Спиннинг. / SPINNING,SANTDX21ML
Спиннинг. / SPINNING,SANTDX21M
Спиннинг. / SPINNING,SANTDX24L
Спиннинг. / SPINNING,SANTDX24ML
Спиннинг. / SPINNING,SANTDX24M
Спиннинг. / SPINNING,SANTDX24MH
Спиннинг. / SPINNING,SANTDX24H
Спиннинг. / SPINNING,SANTDX27L
Спиннинг. / SPINNING,SANTDX27ML
Спиннинг. / SPINNING,SANTDX27M
Спиннинг. / SPINNING,SANTDX27MH
Спиннинг. / SPINNING,SANTDX27H
Спиннинг. / SPINNING,SANTDX27XH
Спиннинг. / SPINNING,SANTDX30ML
Спиннинг. / SPINNING,SANTDX30MH
Спиннинг. / SPINNING,SANTDX30H
Спиннинг. / SPINNING,SANTDX30XH
Спиннинг. / SPINNING,SBMDX165UL
Спиннинг. / SPINNING,SBMDX18L
Спиннинг. / SPINNING,SBMDX21ML
Спиннинг. / SPINNING,SBMDX21M
Спиннинг. / SPINNING,SBMDX21HP
Спиннинг. / SPINNING,SBMDX21XHP
Спиннинг. / SPINNING,SBMDX24L
Спиннинг. / SPINNING,SBMDX24ML
Спиннинг. / SPINNING,SBMDX24M
Спиннинг. / SPINNING,SBMDX24MH
Спиннинг. / SPINNING,SBMDX24H
Спиннинг. / SPINNING,SBMDX24XHP
Спиннинг. / SPINNING,SBMDX27L
Спиннинг. / SPINNING,SBMDX27ML
Спиннинг. / SPINNING,SBMDX27M
Спиннинг. / SPINNING,SBMDX27MH
Спиннинг. / SPINNING,SBMDX27H
Спиннинг. / SPINNING,SBMDX27XH
Спиннинг. / SPINNING,SBMDX30M
Спиннинг. / SPINNING,SBMDX30MH
Спиннинг. / SPINNING,SBMDX30H
Спиннинг. / SPINNING,SBMDX30XH
Спиннинг. / SPINNING,SBMDX33H
Спиннинг. / SPINNING,SBMDX33XH
Спиннинг. / SPINNING,SARNS165UL
Спиннинг. / SPINNING,SARNS18L
Спиннинг. / SPINNING,SARNS21ML
Спиннинг. / SPINNING,SARNS21M
Спиннинг. / SPINNING,SARNS21MH
Спиннинг. / SPINNING,SARNS21H
Спиннинг. / SPINNING,SARNS21XH
Спиннинг. / SPINNING,SARNS24L
Спиннинг. / SPINNING,SARNS24ML
Спиннинг. / SPINNING,SARNS24M
Спиннинг. / SPINNING,SARNS24MH
Спиннинг. / SPINNING,SARNS24H
Спиннинг. / SPINNING,SARNS24XH
Спиннинг. / SPINNING,SARNS27L
Спиннинг. / SPINNING,SARNS27ML
Спиннинг. / SPINNING,SARNS27M
Спиннинг. / SPINNING,SARNS27MH
Спиннинг. / SPINNING,SARNS27H
Спиннинг. / SPINNING,SARNS27XH
Спиннинг. / SPINNING,SARNS30M
Спиннинг. / SPINNING,SARNS30MH
Спиннинг. / SPINNING,SARNS30H
Спиннинг. / SPINNING,SARNS30XH
Спиннинг. / SPINNING,SARNS33MH
Спиннинг. / SPINNING,SARNS33H
Спиннинг. / SPINNING,SARNS33XH
Спиннинг. / SPINNING,SARNS36XH
Спиннинг. / SPINNING,SEA165UL
Спиннинг. / SPINNING,SEA18L
Спиннинг. / SPINNING,SEA18MHJ
Спиннинг. / SPINNING,SEA21L
Спиннинг. / SPINNING,SEA21ML
Спиннинг. / SPINNING,SEA21M
Спиннинг. / SPINNING,SEA21MH
Спиннинг. / SPINNING,SEA21H
Спиннинг. / SPINNING,SEA24L
Спиннинг. / SPINNING,SEA24ML
Спиннинг. / SPINNING,SEA24M
Спиннинг. / SPINNING,SEA24MH
Спиннинг. / SPINNING,SEA24H
Спиннинг. / SPINNING,SEA27L
Спиннинг. / SPINNING,SEA27ML
Спиннинг. / SPINNING,SEA27M
Спиннинг. / SPINNING,SEA27MH
Спиннинг. / SPINNING,SEA27H
Спиннинг. / SPINNING,SEA27XH
Спиннинг. / SPINNING,SEA30M
Спиннинг. / SPINNING,SEA30MH
Спиннинг. / SPINNING,SEA30H
Спиннинг. / SPINNING,SEA30XH
Спиннинг. / SPINNING,SEA33H
Спиннинг. / SPINNING,SEA33XH
Спиннинг. / SPINNING,SCATCX21MH
Спиннинг. / SPINNING,SCATCX21H
Спиннинг. / SPINNING,SALCX21MH
Спиннинг. / SPINNING,SALCX24MH
Спиннинг. / SPINNING,SALCX24H
Спиннинг. / SPINNING,SJ240L
Спиннинг. / SPINNING,SJ240ML
Спиннинг. / SPINNING,SJ270L
Спиннинг. / SPINNING,SJ270ML
Спиннинг. / SPINNING,SJ270M
Спиннинг. / SPINNING,SJ300M
Спиннинг. / SPINNING,SJ300MH
Спиннинг. / Casting,CBMDX24M
Спиннинг. / Casting,CBMDX24MH
Спиннинг. / Casting,CBMDX24H
Спиннинг. / Casting,CBMDX27MH
Спиннинг. / Casting,CBMDX27H
Спиннинг. / Casting,CBMDX27XH
Спиннинг. / Casting,CBMDX30H
Спиннинг. / Casting,CBMDX36XHP
Спиннинг. / Casting,CBMDX33SL
Спиннинг. / Casting,CBMDX39SL
Спиннинг. / SPINNING,SDFLAX210UL
Спиннинг. / SPINNING,SDFLAX225UL
Спиннинг. / SPINNING,SDFLAX225L
Спиннинг. / SPINNING,SDFLAX240UL
Спиннинг. / SPINNING,SDFLAX240L
Компактные (STC),TSANT21M
Компактные (STC),TSANT24M
Компактные (STC),TSANT24MH
Компактные (STC),TSANT27M
Компактные (STC),TSANT27MH
Компактные (STC),TSANT27H
Компактные (STC),TBMSP2520
Спиннинг. / SPINNING,SYAAXSJMH
Спиннинг. / SPINNING,SYAAXSJH
Спиннинг. / Casting,CYAAXSJMH
Спиннинг. / Casting,CYAAXSJH
Спиннинг. / SPINNING,SYAAXVJMH
Спиннинг. / SPINNING,SYAAXVJH
Спиннинг. / Casting,CYAAXVJMH
Спиннинг. / Casting,CYAAXVJH
Спиннинг. / Casting,CYAAXJBMH
Спиннинг. / Casting,CYAAXJBH
Спиннинг. / SPINNING,SYAAXZDR27
Спиннинг. / SPINNING,SYAAXZDR30
Спиннинг. / SPINNING,SYAAXASP27MH
Спиннинг. / SPINNING,SYAAXASP27H
Спиннинг. / SPINNING,SYAAXDS195
Спиннинг. / SPINNING,SYAAXDS24
Спиннинг. / SPINNING,SYAAXDS27
Спиннинг. / SPINNING,SYAAXSDJH
Спиннинг. / SPINNING,SYAAXSDJXH
Спиннинг. / Casting,CYAMPI
Спиннинг. / Casting,CYAHPI
Спиннинг. / Casting,CYAXHPI
Спиннинг. / SPINNING,SYAP19
Спиннинг. / SPINNING,SYATW21M
Спиннинг. / SPINNING,SYATW21H
Карповые,ALDX12550S
Карповые,HPCX12300M
Карповые,HPCX12550S
Карповые,HPCX13350M
Карповые,HPCX13550S
Матчевые,VAX39F
Матчевые,VAX42F
Матчевые,VAXTEM39F
Матчевые,VAXTEM42F
Матчевые,VAXTEM42S
Фидерные,ARNSPR60FDR
Фидерные,ARNSPR90FDR
Фидерные,ARNSLC120FDR
Фидерные,ARNSLC120LFDR
Фидерные,ARNSLC150FDR
Фидерные,ARNSMPR90FDR
Фидерные,ARNSMLC120FDR
Фидерные,ARNSTEPR60FDR
Фидерные,ARNSTEPR90FDR
Телескоп. / Action 2,CATEXTE250
Телескоп. / Action 2,CATEXTE260
Телескоп. / Action 2,CATEXTE270
Телескоп. / Action 2,CATEXTE280
Телескоп. / Action 4,CATBXTE440
Телескоп. / Action 4,CATBXTE450
Телескоп. / Action 4,CATBXTE460
Телескоп. / Action 4,CATBXTE470
Телескоп. / Action 4,CATBXTEGT440
Телескоп. / Action 4,CATBXTEGT450
Телескоп. / Action 4,CATBXTEGT460
Телескоп. / Action 4,CATBXTEGT470
Телескоп. / Action 5,EXTE550
Телескоп. / Action 5,EXTE560
Телескоп. / Action 5,EXTE570
Телескоп. / Action 5,EXTEGT550
Телескоп. / Action 5,EXTEGT560
Телескоп. / Action 5,EXTEGT570
Телескоп. / Action 6,TECAXTE650
Телескоп. / Action 6,TECAXTE660
Телескоп. / Action 6,TECAXTE670
Телескоп. / Action 6,TECAXTEGT650
Телескоп. / Action 6,TECAXTEGT660
Телескоп. / Action 6,TECAXTEGT670
Телескоп.,TECTE960XXH
Телескоп.,TECTE970XXH
Сёрфовые,ALEXSFTE4010
Сёрфовые,ALEXSFTE4212
Сёрфовые,ALEXSFTE4215
Сёрфовые,ALEXSFTE4217
Сёрфовые,ALEXSFTE4220
Лодочные / Trolling / Standup,CATAXTRL12
Лодочные / Trolling / Standup,CATAXTRL20
Лодочные / Trolling / Standup,CATAXTRL30
Лодочные / Trolling / Standup,CATAXTRL50
Лодочные / Trolling / Standup,CATBXTRLL812
Лодочные / Trolling / Standup,CATBXTRLL1216
Лодочные / Trolling / Standup,CATBXTRLL1620
Лодочные / Trolling / Standup,CATBXTRLL2030
Лодочные / Trolling / Standup,BMCXBT1620
Лодочные / Trolling / Standup,BMCXBT2030
Лодочные / Trolling / Standup,BMCXBT3050
Лодочные / Trolling / Standup,BMCXBT21M
Лодочные / Trolling / Standup,BMCXBT21MH
Лодочные / Trolling / Standup,BMCXBT24M
Лодочные / Trolling / Standup,BMCXBT24MH
Лодочные / Trolling / Standup,BMCXBT24H
Лодочные / Trolling / Standup,BMCXBT27MH
Лодочные / Trolling / Standup,BMCXBT27H
Лодочные / Trolling / Standup,VAXBT210MH
Лодочные / Trolling / Standup,VAXBT210H
Лодочные / Trolling / Standup,VAXBT240MH
Лодочные / Trolling / Standup,VAXBT240H
Лодочные / Trolling / Standup,VAXBT270MH
Лодочные / Trolling / Standup,VAXBT270H
Лодочные / Trolling / Standup,VAXBT270XXH
Лодочные / Trolling / Standup,VAXBT300XXH
Лодочные / Trolling / Standup,VAXBT7020ML
Лодочные / Trolling / Standup,VAXBT7030M
Подсаки Shimano,T50CALLN42
Подсаки Shimano,TLEVSTCLN
Подсаки Shimano,TRBLN180
Подсаки Shimano,BMLN
Подсаки Shimano,TBMLN
Подсаки Shimano,BMAXLNP300
Подсаки Shimano,BMAXLNP450
Подсаки Shimano,CATAXLN300
Подсаки Shimano,CATAXLN400
Подсаки Shimano,TCLNBX200
Подсаки Shimano,TCLNBX300
Подсаки Shimano,TCAXLNH
Подсаки Shimano,CATAXLNH5
Подсаки Shimano,BMAXLNHL
Подсаки Shimano,BMSWN12
Подсаки Shimano,CLNM
Подсаки Shimano,CLNL
Аксессуары,SBALLD1525
Аксессуары,SBALSD101520
Карповые,ALDX113003
Карповые,ALDX12250
Карповые,ALDX12275
Карповые,ALDX122753
Карповые,ALDX12300
Карповые,ALDX123003
Карповые,ALDX12350
Карповые,ALDX123503
Карповые,ALDX13300
Карповые,ALDX13350
Карповые,BMBX12275M
Карповые,BMBX12275P
Карповые,BMBX12300L
Карповые,BMBX12300P
Карповые,BMBX12325L
Карповые,BMBX12500SP
Карповые,BMBX13300L
Карповые,BMBX13350L
Карповые,CATCX12200P
Карповые,CATCX12225P
Карповые,CATCX12250P
Карповые,CATCX12275P
Карповые,CATCX12300P
Карповые,CATCX12250P3
Карповые,CATCX12275P3
Карповые,CATCX12300P3
Карповые,HPCX12250
Карповые,HPCX12275
Карповые,HPCX12300
Карповые,HPCX13300
Карповые,HPCX13350
Карповые,JC12275
Карповые,JC12300
Карповые,VAX12250
Карповые,VAX12275
Карповые,VAX12300
Карповые,VAX12350
Карповые,VAX13300
Карповые,VAX13350
Карповые,VSPC122752
Карповые,VSPC123002
Карповые,VSPC131752
Карповые Tribal,TC12275
Карповые Tribal,TC12300
Карповые Tribal,TC13300
Карповые Tribal,TC13350
Карповые Tribal,TCM123002
Карповые Tribal,TCS125002
Карповые Tribal,TVELO10275
Карповые Tribal,TVELO10300
Карповые Tribal,TVEL11275
Карповые Tribal,TVELO11275
Карповые Tribal,TVEL12275
Карповые Tribal,TVEL12300
Карповые Tribal,TVELO12300
Карповые Tribal,TVELO12325
Карповые Tribal,TVEL13300
Карповые Tribal,TVELO13300
Карповые Tribal,TVEL13350
Карповые Tribal,TVELO13350
Карповые Tribal,TVELO12275
Карповые Tribal,TXA13300
Компактные (STC),TBMAXBT20
Компактные (STC),TBMAXBT30
Компактные (STC),TBMSCX1821L5
Компактные (STC),TBMSCX1821ML5
Компактные (STC),TBMSCX2124L6
Компактные (STC),TBMSCX2124M6
Компактные (STC),TBMSCX2427L6
Компактные (STC),TBMSCX2427MH6
Компактные (STC),TBMSCX2730H6
Компактные (STC),TBMSCX2730XH6
Компактные (STC),TBMSCX2730MH6
Компактные (STC),TBMSCX2730ML6
Компактные (STC),TBMSCX3033H6
Компактные (STC),TBMSCX3033ML6
Компактные (STC),TBMSCX3336ML6
Компактные (STC),SCATMTE190AX
Компактные (STC),SCATMTE210AX
Компактные (STC),SCATMTE240AX
Компактные (STC),TEXAXBT2030
Компактные (STC),TEXAXBT240MH
Компактные (STC),TEXAXBT3050
Компактные (STC),TEXAXSTP1220
Компактные (STC),TEXAXSTP2030
Компактные (STC),TEXAXTR20
Компактные (STC),TEXAXTR30
Компактные (STC),TEXBX12275L
Компактные (STC),TEXBX12300L
Компактные (STC),TEXBXS21M4
Компактные (STC),TEXBXS21ML4
Компактные (STC),TEXBXS24M5
Компактные (STC),TEXBXS24MH5
Компактные (STC),TEXBXS27M5
Компактные (STC),TEXBXS27MH5
Компактные (STC),TEXBXS27XH5
Компактные (STC),TEXBXS30H5
Компактные (STC),TEXBXS30XH5
Компактные (STC),TEXBXTS21M
Компактные (STC),TEXBXTS24M
Компактные (STC),TEXBXTS27M
Компактные (STC),TEXBXMTS165L
Компактные (STC),TEXBXMTS18L
Компактные (STC),TEXBXMTS18ML
Компактные (STC),TEXBXMTS21L
Компактные (STC),TEXBXMTS21M
Компактные (STC),TEXBXMTS21ML
Компактные (STC),TEXBXMTS24L
Компактные (STC),TEXBXMTS24M
Компактные (STC),TEXBXMTS27L
Компактные (STC),TEXBXMTS27M
Компактные (STC),TEXBXMTS27ML
Компактные (STC),TEXTE240
Компактные (STC),TEXTE250
Компактные (STC),TEXTE260
Компактные (STC),TVS2124L
Компактные (STC),TVS2124ML
Компактные (STC),TVS2427L
Компактные (STC),TVS2427MH
Компактные (STC),TVS2730MH
Лодочные / Trolling / Standup,ALVBTTE18H
Лодочные / Trolling / Standup,ALVBTTE21H
Лодочные / Trolling / Standup,ALVBTTE24H
Лодочные / Trolling / Standup,ALVBTTE27H
Лодочные / Trolling / Standup,ALVBTTE30H
Лодочные / Trolling / Standup,BMBXBT1015
Лодочные / Trolling / Standup,BMBXBT1620
Лодочные / Trolling / Standup,BMBXBT2030
Лодочные / Trolling / Standup,BMBXBT21H
Лодочные / Trolling / Standup,BMBXBT21M
Лодочные / Trolling / Standup,BMBXBT21MH
Лодочные / Trolling / Standup,BMBXBT21ML
Лодочные / Trolling / Standup,BMBXBT24H
Лодочные / Trolling / Standup,BMBXBT24M
Лодочные / Trolling / Standup,BMBXBT24MH
Лодочные / Trolling / Standup,BMBXBT24ML
Лодочные / Trolling / Standup,BMBXBT27H
Лодочные / Trolling / Standup,BMBXBT27M
Лодочные / Trolling / Standup,BMBXBT27MH
Лодочные / Trolling / Standup,BMBXBT27ML
Лодочные / Trolling / Standup,BMBXBT3050
Лодочные / Trolling / Standup,BMBXBT3050R
Лодочные / Trolling / Standup,BMBXBT0608
Лодочные / Trolling / Standup,BMBXBTIG240200
Лодочные / Trolling / Standup,BMBTIPH
Лодочные / Trolling / Standup,BMBTIPL
Лодочные / Trolling / Standup,BMBXDR86M
Лодочные / Trolling / Standup,BMBXDR90H
Лодочные / Trolling / Standup,BMBXDR90MH
Лодочные / Trolling / Standup,CATAXDR210MH
Лодочные / Trolling / Standup,CATAXDR240MH
Лодочные / Trolling / Standup,CATBXSTP1216
Лодочные / Trolling / Standup,CATBXSTP2030RT
Лодочные / Trolling / Standup,CATBXSTP3050RT
Лодочные / Trolling / Standup,CATTRL20
Лодочные / Trolling / Standup,CATTRL30
Лодочные / Trolling / Standup,CATTRL50
Лодочные / Trolling / Standup,FMAXBT210H2
Лодочные / Trolling / Standup,FMAXBT210M2
Лодочные / Trolling / Standup,FMAXBT210MH2
Лодочные / Trolling / Standup,FMAXBT210ML2
Лодочные / Trolling / Standup,FMAXBT240H2
Лодочные / Trolling / Standup,FMAXBT240M2
Лодочные / Trolling / Standup,FMAXBT240MH2
Лодочные / Trolling / Standup,FMAXBT240ML2
Лодочные / Trolling / Standup,FMAXBT270H2
Лодочные / Trolling / Standup,FMAXBT270M2
Лодочные / Trolling / Standup,FMAXBT270MH2
Лодочные / Trolling / Standup,FMAXBT270ML2
Лодочные / Trolling / Standup,FMAXBT300H2
Лодочные / Trolling / Standup,NEXBTIPH
Лодочные / Trolling / Standup,NEXBTIPL
Лодочные / Trolling / Standup,NEXAXBTTE30
Лодочные / Trolling / Standup,NEXBXSPILK240
Лодочные / Trolling / Standup,NEXBXSPILK270
Лодочные / Trolling / Standup,NEXBXSPILK300
Лодочные / Trolling / Standup,VBT210H
Лодочные / Trolling / Standup,VBT210MH
Лодочные / Trolling / Standup,VBT240H
Лодочные / Trolling / Standup,VBT240MH
Лодочные / Trolling / Standup,VBT270H
Лодочные / Trolling / Standup,VBT270MH
Лодочные / Trolling / Standup,VBT270XXH
Лодочные / Trolling / Standup,VBT300XXH
Лодочные / Trolling / Standup,VBT7020ML
Лодочные / Trolling / Standup,VBT7030M
Лодочные / Trolling / Standup,VBT7050MH
Матчевые,ALCX36
Матчевые,ALCX39
Матчевые,ALCX42
Матчевые,BMBXCF13
Матчевые,BMBXFL36
Матчевые,BMBXFL39
Матчевые,BMBXFL48
Матчевые,BM39
Матчевые,BM39F
Матчевые,BM42F
Матчевые,BM45SPC
Матчевые,CATBXTEMTH39F
Матчевые,CATBXTEMTH42F
Матчевые,CATBXTEMTH45F
Матчевые,CATBXTEMTH45S
Матчевые,CATBXTEMTH510
Матчевые,CATCXFL36
Матчевые,CATCXFL39
Матчевые,CATDX39F
Матчевые,CATDX42F
Матчевые,CATDX45F
Матчевые,CATDXM1517
Матчевые,FBL39F
Матчевые,FBL42F
Матчевые,FBL45F
Матчевые,SMAX39
Матчевые,SMAX39F
Матчевые,SMAX42F
Матчевые,SMAX45F
Матчевые,SMAX45SPC
Матчевые,SULT13MFL
Матчевые,SULT14MFL
Матчевые,SULTM1517MFL
Матчевые,SULT20MB
Матчевые,VFL36
Матчевые,VFL39
Матчевые,VFL42
Матчевые,V39F
Матчевые,V42F
Матчевые,VTEM39F
Матчевые,VTEM42F
Матчевые,VTEM42S
Сёрфовые,BMSF425BXH
Сёрфовые,BMSF425CXH
Сёрфовые,BMSF450BXH
Сёрфовые,BMSF450CXH
Сёрфовые,BMSF500BXH
Сёрфовые,CATAXSFTEM300
Сёрфовые,CATAXSFTEM360
Сёрфовые,CATAXSFTEM400
Сёрфовые,FMSFTEP45CX
Сёрфовые,NEXCXSFTE408
Сёрфовые,NEXCXSFTE4210
Сёрфовые,NEXCXSFTE4212
Сёрфовые,NEXCXSFTE4215
Сёрфовые,NEXCXSFTE4217
Сёрфовые,NEXCXSFTE4220
Сёрфовые,NEXCXSFTE4520
Сёрфовые,ULTSFTE4212
Сёрфовые,VBXSFTE4212
Сёрфовые,VBXSFTE4215
Специализированные,FMAXCAT270H2
Специализированные,FMAXCAT300H2
Специализированные,FMAXCAT330H2
Специализированные,VPC30
Специализированные,VEV12300
Спиннинг. / Casting,CBMCX21HP
Спиннинг. / Casting,CBMCX24MH
Спиннинг. / Casting,CBMCX27H
Спиннинг. / Casting,CBMCX27MH
Спиннинг. / Casting,CBMCX30H
Спиннинг. / Casting,CBMCX30MH
Спиннинг. / Casting,CBIO66M
Спиннинг. / Casting,CBIO66ML
Спиннинг. / Casting,CSC100M2B
Спиннинг. / Casting,CSC610MH2B
Спиннинг. / Casting,CSC86H2B
Спиннинг. / Casting,CSC86M2B
Спиннинг. / Casting,CSC88MH2B
Спиннинг. / Casting,CSC90M2B
Спиннинг. / Casting,CSC96M2B
Спиннинг. / Casting,CSC96MH2B
Спиннинг. / Casting,CSCX86M2B
Спиннинг. / Casting,CSCX86MH2B
Спиннинг. / Casting,CJ180M
Спиннинг. / Casting,CJ210M
Спиннинг. / Casting,CJXT210ML
Спиннинг. / Casting,CJXT240M
Спиннинг. / Casting,CNEXCX24MH
Спиннинг. / Casting,CNEXCX27MH
Спиннинг. / Casting,CTECDFCX24MH
Спиннинг. / Casting,CTECDFCX27H
Спиннинг. / Casting,CTECDFCX27M
Спиннинг. / Casting,CTECDFCX27MH
Спиннинг. / Casting,CTECDFCX27ML
Спиннинг. / Casting,CTECDFCX30SL
Спиннинг. / Casting,CTECDFCX33SL
Спиннинг. / Casting,CTECDFCX39SL
Спиннинг. / Jigging,BMBXJBT200LS
Спиннинг. / Jigging,CFMAXJJ18H
Спиннинг. / Jigging,CFMAXJJ18XH
Спиннинг. / Jigging,FMAXJJ18H
Спиннинг. / Jigging,FMAXJJ18MH
Спиннинг. / Jigging,FMAXJJ18XH
Спиннинг. / Jigging,FMAXJJ20H
Спиннинг. / Jigging,FMAXJJ20M
Спиннинг. / Jigging,JWAXS182200
Спиннинг. / Jigging,JWAXS200270
Спиннинг. / SPINNING,SALCX165UL
Спиннинг. / SPINNING,SALCX18L
Спиннинг. / SPINNING,SALCX21M
Спиннинг. / SPINNING,SALCX21ML
Спиннинг. / SPINNING,SALCX21UL
Спиннинг. / SPINNING,SALCX24L
Спиннинг. / SPINNING,SALCX24M
Спиннинг. / SPINNING,SALCX24ML
Спиннинг. / SPINNING,SALCX24UL
Спиннинг. / SPINNING,SALCX27H
Спиннинг. / SPINNING,SALCX27L
Спиннинг. / SPINNING,SALCX27M
Спиннинг. / SPINNING,SALCX27MH
Спиннинг. / SPINNING,SALCX27ML
Спиннинг. / SPINNING,SALCX27UL
Спиннинг. / SPINNING,SALCX27XH
Спиннинг. / SPINNING,SALCX30H
Спиннинг. / SPINNING,SALCX30L
Спиннинг. / SPINNING,SALCX30M
Спиннинг. / SPINNING,SALCX30MH
Спиннинг. / SPINNING,SALCX30ML
Спиннинг. / SPINNING,SALCX33H
Спиннинг. / SPINNING,SANTCX21M
Спиннинг. / SPINNING,SANTCX21ML
Спиннинг. / SPINNING,SANTCX24H
Спиннинг. / SPINNING,SANTCX24L
Спиннинг. / SPINNING,SANTCX24M
Спиннинг. / SPINNING,SANTCX24MH
Спиннинг. / SPINNING,SANTCX24ML
Спиннинг. / SPINNING,SANTCX27H
Спиннинг. / SPINNING,SANTCX27L
Спиннинг. / SPINNING,SANTCX27M
Спиннинг. / SPINNING,SANTCX27MH
Спиннинг. / SPINNING,SANTCX27ML
Спиннинг. / SPINNING,SANTCX27XH
Спиннинг. / SPINNING,SANTCX30H
Спиннинг. / SPINNING,SANTCX30MH
Спиннинг. / SPINNING,SANTCX30ML
Спиннинг. / SPINNING,SANTCX30XH
Спиннинг. / SPINNING,SANTSPR21ML
Спиннинг. / SPINNING,SANTSPR24M
Спиннинг. / SPINNING,SANTSPR27M
Спиннинг. / SPINNING,SANTSPR27ML
Спиннинг. / SPINNING,SAPDX21M
Спиннинг. / SPINNING,SAPDX24M
Спиннинг. / SPINNING,SAPDX24MH
Спиннинг. / SPINNING,SAPDX24ML
Спиннинг. / SPINNING,SAPDX27H
Спиннинг. / SPINNING,SAPDX27M
Спиннинг. / SPINNING,SAPDX27MH
Спиннинг. / SPINNING,SAPDX27ML
Спиннинг. / SPINNING,SAPDX30H
Спиннинг. / SPINNING,SAPDX30M
Спиннинг. / SPINNING,SAPDX30MH
Спиннинг. / SPINNING,SAPDX27XH
Спиннинг. / SPINNING,SAPDX30ML
Спиннинг. / SPINNING,BSTBXEVS56MH
Спиннинг. / SPINNING,BSTBXEVS70H
Спиннинг. / SPINNING,BSTBXEVS60MH
Спиннинг. / SPINNING,BSTBXEVS66H
Спиннинг. / SPINNING,BSTBXEVS8090HH
Спиннинг. / SPINNING,SBMCX15UL
Спиннинг. / SPINNING,SBMCX165UL
Спиннинг. / SPINNING,SBMCX18L
Спиннинг. / SPINNING,SBMCX21HP
Спиннинг. / SPINNING,SBMCX21M
Спиннинг. / SPINNING,SBMCX21ML
Спиннинг. / SPINNING,SBMCX21XHP
Спиннинг. / SPINNING,SBMCX24H
Спиннинг. / SPINNING,SBMCX24L
Спиннинг. / SPINNING,SBMCX24M
Спиннинг. / SPINNING,SBMCX24MH
Спиннинг. / SPINNING,SBMCX24ML
Спиннинг. / SPINNING,SBMCX24XHP
Спиннинг. / SPINNING,SBMCX27H
Спиннинг. / SPINNING,SBMCX27L
Спиннинг. / SPINNING,SBMCX27M
Спиннинг. / SPINNING,SBMCX27MH
Спиннинг. / SPINNING,SBMCX27ML
Спиннинг. / SPINNING,SBMCX27XH
Спиннинг. / SPINNING,SBMCX30H
Спиннинг. / SPINNING,SBMCX30L
Спиннинг. / SPINNING,SBMCX30M
Спиннинг. / SPINNING,SBMCX30MH
Спиннинг. / SPINNING,SBMCX30XH
Спиннинг. / SPINNING,SBMCX33H
Спиннинг. / SPINNING,SBMCX33L
Спиннинг. / SPINNING,SBMCX33MH
Спиннинг. / SPINNING,SBMCX33XH
Спиннинг. / SPINNING,SBMCX24SBM
Спиннинг. / SPINNING,SBMCX27SBH
Спиннинг. / SPINNING,SBMCX30SBHP
Спиннинг. / SPINNING,SBMCX30SBXHP
Спиннинг. / SPINNING,BMDS21MH
Спиннинг. / SPINNING,BMDS24MH
Спиннинг. / SPINNING,BMDS27MH
Спиннинг. / SPINNING,SBIO1010H
Спиннинг. / SPINNING,SBIO1010MH
Спиннинг. / SPINNING,SBIO63SBM
Спиннинг. / SPINNING,SBIO63SBMH
Спиннинг. / SPINNING,SBIO71M
Спиннинг. / SPINNING,SBIO71MH
Спиннинг. / SPINNING,SBIO71PG
Спиннинг. / SPINNING,SBIO71R
Спиннинг. / SPINNING,SBIO81HPG
Спиннинг. / SPINNING,SBIO81M
Спиннинг. / SPINNING,SBIO81MH
Спиннинг. / SPINNING,SBIO91H
Спиннинг. / SPINNING,SBIO91MH
Спиннинг. / SPINNING,SBIO910H
Спиннинг. / SPINNING,SBIO910MH
Спиннинг. / SPINNING,SCATCX165UL
Спиннинг. / SPINNING,SCATCX18L
Спиннинг. / SPINNING,SCATCX18MHJ
Спиннинг. / SPINNING,SCATCX21M
Спиннинг. / SPINNING,SCATCX21ML
Спиннинг. / SPINNING,SCATCX21UL
Спиннинг. / SPINNING,SCATCX24H
Спиннинг. / SPINNING,SCATCX24L
Спиннинг. / SPINNING,SCATCX24M
Спиннинг. / SPINNING,SCATCX24MH
Спиннинг. / SPINNING,SCATCX24ML
Спиннинг. / SPINNING,SCATCX24UL
Спиннинг. / SPINNING,SCATCX27H
Спиннинг. / SPINNING,SCATCX27L
Спиннинг. / SPINNING,SCATCX27M
Спиннинг. / SPINNING,SCATCX27MH
Спиннинг. / SPINNING,SCATCX27ML
Спиннинг. / SPINNING,SCATCX27UL
Спиннинг. / SPINNING,SCATCX27XH
Спиннинг. / SPINNING,SCATCX30H
Спиннинг. / SPINNING,SCATCX30L
Спиннинг. / SPINNING,SCATCX30M
Спиннинг. / SPINNING,SCATCX30MH
Спиннинг. / SPINNING,SCATCX30ML
Спиннинг. / SPINNING,SCATCX30XH
Спиннинг. / SPINNING,SCATCX33H
Спиннинг. / SPINNING,SCATCX33M
Спиннинг. / SPINNING,SCATCX33MH
Спиннинг. / SPINNING,SCATCXTE165UL
Спиннинг. / SPINNING,SCATCXTE18L
Спиннинг. / SPINNING,SCATCXTE21L
Спиннинг. / SPINNING,SCATCXTE21M
Спиннинг. / SPINNING,SCATCXTE21ML
Спиннинг. / SPINNING,SCATCXTE24M
Спиннинг. / SPINNING,SCATCXTE24MH
Спиннинг. / SPINNING,SCATCXTE24ML
Спиннинг. / SPINNING,SCATCXTE27M
Спиннинг. / SPINNING,SCATCXTE27MH
Спиннинг. / SPINNING,SCATCXTE30M
Спиннинг. / SPINNING,SCATCXTE30MH
Спиннинг. / SPINNING,SCATCXTE33H
Спиннинг. / SPINNING,CSS100M2B
Спиннинг. / SPINNING,CSS100MH2B
Спиннинг. / SPINNING,CSS56UL2B
Спиннинг. / SPINNING,CSS60M2B
Спиннинг. / SPINNING,CSS60ML2B
Спиннинг. / SPINNING,CSS66M2B
Спиннинг. / SPINNING,CSS66MH2B
Спиннинг. / SPINNING,CSS66ML2B
Спиннинг. / SPINNING,CSS66UL2B
Спиннинг. / SPINNING,CSS70M2B
Спиннинг. / SPINNING,CSS70MH2B
Спиннинг. / SPINNING,CSS70ML2B
Спиннинг. / SPINNING,CSS70UL2B
Спиннинг. / SPINNING,CSS76L2B
Спиннинг. / SPINNING,CSS76UL2B
Спиннинг. / SPINNING,CSS86M2B
Спиннинг. / SPINNING,CSS86MH2B
Спиннинг. / SPINNING,CSS90MH2B
Спиннинг. / SPINNING,CSS90ML2B
Спиннинг. / SPINNING,CSS96M2B
Спиннинг. / SPINNING,CSS96MH2B
Спиннинг. / SPINNING,CSS96ML2B
Спиннинг. / SPINNING,SFMAX165UL
Спиннинг. / SPINNING,SFMAX18L
Спиннинг. / SPINNING,SFMAX21L
Спиннинг. / SPINNING,SFMAX21M
Спиннинг. / SPINNING,SFMAX21ML
Спиннинг. / SPINNING,SFMAX24H
Спиннинг. / SPINNING,SFMAX24L
Спиннинг. / SPINNING,SFMAX24M
Спиннинг. / SPINNING,SFMAX24MH
Спиннинг. / SPINNING,SFMAX24ML
Спиннинг. / SPINNING,SFMAX24XH
Спиннинг. / SPINNING,SFMAX27H
Спиннинг. / SPINNING,SFMAX27L
Спиннинг. / SPINNING,SFMAX27M
Спиннинг. / SPINNING,SFMAX27MH
Спиннинг. / SPINNING,SFMAX27ML
Спиннинг. / SPINNING,SFMAX27XH
Спиннинг. / SPINNING,SFMAX30H
Спиннинг. / SPINNING,SFMAX30L
Спиннинг. / SPINNING,SFMAX30M
Спиннинг. / SPINNING,SFMAX30MH
Спиннинг. / SPINNING,SFMAX30ML
Спиннинг. / SPINNING,SFMAX30XH
Спиннинг. / SPINNING,SFMAX33H
Спиннинг. / SPINNING,SFMAX33MH
Спиннинг. / SPINNING,SFMAX33XH
Спиннинг. / SPINNING,SJ165UL
Спиннинг. / SPINNING,SJ180L
Спиннинг. / SPINNING,SJ180M
Спиннинг. / SPINNING,SJ200M
Спиннинг. / SPINNING,SJ210M
Спиннинг. / SPINNING,SJ210ML
Спиннинг. / SPINNING,SJ240H
Спиннинг. / SPINNING,SJ240M
Спиннинг. / SPINNING,SJ240MH
Спиннинг. / SPINNING,SJ270H
Спиннинг. / SPINNING,SJ270MH
Спиннинг. / SPINNING,SJ300H
Спиннинг. / SPINNING,SJTE180ML
Спиннинг. / SPINNING,SJTE210M
Спиннинг. / SPINNING,SJTE240M
Спиннинг. / SPINNING,SJTE270MH
Спиннинг. / SPINNING,SJXT18M
Спиннинг. / SPINNING,SJXT20M
Спиннинг. / SPINNING,SJXT21M
Спиннинг. / SPINNING,SJXT21ML
Спиннинг. / SPINNING,SJXT24H
Спиннинг. / SPINNING,SJXT24M
Спиннинг. / SPINNING,SJXT24MH
Спиннинг. / SPINNING,SJXT27H
Спиннинг. / SPINNING,SJXT27MH
Спиннинг. / SPINNING,SJXT30H
Спиннинг. / SPINNING,SLEBX18L
Спиннинг. / SPINNING,SLEBX21M
Спиннинг. / SPINNING,SLEBX21ML
Спиннинг. / SPINNING,SLEBX24L
Спиннинг. / SPINNING,SLEBX24M
Спиннинг. / SPINNING,SLEBX24MH
Спиннинг. / SPINNING,SLEBX24ML
Спиннинг. / SPINNING,SLEBX27H
Спиннинг. / SPINNING,SLEBX27L
Спиннинг. / SPINNING,SLEBX27M
Спиннинг. / SPINNING,SLEBX27MH
Спиннинг. / SPINNING,SLEBX27ML
Спиннинг. / SPINNING,SLEBX27XH
Спиннинг. / SPINNING,SLEBX30M
Спиннинг. / SPINNING,SLEBX30MH
Спиннинг. / SPINNING,SLEBX30ML
Спиннинг. / SPINNING,SLEBX30XH
Спиннинг. / SPINNING,SLEBX33M
Спиннинг. / SPINNING,CYACB66MH2
Спиннинг. / SPINNING,CYAWR66MH2
Спиннинг. / SPINNING,CYAJBH
Спиннинг. / SPINNING,CYAJBMH
Спиннинг. / SPINNING,CYASJH
Спиннинг. / SPINNING,CYASJMH
Спиннинг. / SPINNING,SYACB66MH2
Спиннинг. / SPINNING,SYAWR66MH2
Спиннинг. / SPINNING,SYADS21
Спиннинг. / SPINNING,SYADS24
Спиннинг. / SPINNING,SYADS27
Спиннинг. / SPINNING,SYAHPI
Спиннинг. / SPINNING,SYAMPI
Спиннинг. / SPINNING,SYASDJH
Спиннинг. / SPINNING,SYASDJMH
Спиннинг. / SPINNING,SYASDJXH
Спиннинг. / SPINNING,SYASJH
Спиннинг. / SPINNING,SYASJMH
Спиннинг. / SPINNING,SYAXHPI
Спиннинг. / SPINNING,SYAASP27
Спиннинг. / SPINNING,SYAASP30
Спиннинг. / SPINNING,SYAZDR27
Спиннинг. / SPINNING,SYAZDR30
Спиннинг. / SPINNING,SYATRL
Спиннинг. / SPINNING,SYATRR
Спиннинг. / SPINNING,SYATNTH
Спиннинг. / SPINNING,CNASAX66M
Спиннинг. / SPINNING,CNASAX66ML
Спиннинг. / SPINNING,SNASAX1010H
Спиннинг. / SPINNING,SNASAX55UL
Спиннинг. / SPINNING,SNASAX61L
Спиннинг. / SPINNING,SNASAX71M
Спиннинг. / SPINNING,SNASAX71MH
Спиннинг. / SPINNING,SNASAX71ML
Спиннинг. / SPINNING,SNASAX71PG
Спиннинг. / SPINNING,SNASAXR71
Спиннинг. / SPINNING,SNASAX81HPG
Спиннинг. / SPINNING,SNASAX81M
Спиннинг. / SPINNING,SNASAX81MH
Спиннинг. / SPINNING,SNASAX91H
Спиннинг. / SPINNING,SNASAX91MH
Спиннинг. / SPINNING,SNASAX910H
Спиннинг. / SPINNING,SNEXCX14UL
Спиннинг. / SPINNING,SNEXCX165MJ
Спиннинг. / SPINNING,SNEXCX165UL
Спиннинг. / SPINNING,SNEXCX18L
Спиннинг. / SPINNING,SNEXCX18MHJ
Спиннинг. / SPINNING,SNEXCX21M
Спиннинг. / SPINNING,SNEXCX21ML
Спиннинг. / SPINNING,SNEXCX24H
Спиннинг. / SPINNING,SNEXCX24L
Спиннинг. / SPINNING,SNEXCX24M
Спиннинг. / SPINNING,SNEXCX24MH
Спиннинг. / SPINNING,SNEXCX24ML
Спиннинг. / SPINNING,SNEXCX27H3
Спиннинг. / SPINNING,SNEXCX27L
Спиннинг. / SPINNING,SNEXCX27M
Спиннинг. / SPINNING,SNEXCX27MH
Спиннинг. / SPINNING,SNEXCX27ML
Спиннинг. / SPINNING,SNEXCX27XH
Спиннинг. / SPINNING,SNEXCX30H3
Спиннинг. / SPINNING,SNEXCX30M
Спиннинг. / SPINNING,SNEXCX30MH
Спиннинг. / SPINNING,SNEXCX30XH3
Спиннинг. / SPINNING,SNEXCX33H
Спиннинг. / SPINNING,SNEXCX33MH
Спиннинг. / SPINNING,SNEXDX30PGXH
Спиннинг. / SPINNING,SNEXDX27PGH
Спиннинг. / SPINNING,SNEXDX27PGMH
Спиннинг. / SPINNING,SNEXDX27PGXH
Спиннинг. / SPINNING,SNEXDX30PGH
Спиннинг. / SPINNING,SMS66M2A
Спиннинг. / SPINNING,SMS70M2A
Спиннинг. / SPINNING,SSMBX18L
Спиннинг. / SPINNING,SSMBX21M
Спиннинг. / SPINNING,SSMBX21MH
Спиннинг. / SPINNING,SSMBX21ML
Спиннинг. / SPINNING,SSMBX24H
Спиннинг. / SPINNING,SSMBX24L
Спиннинг. / SPINNING,SSMBX24M
Спиннинг. / SPINNING,SSMBX24MH
Спиннинг. / SPINNING,SSMBX24ML
Спиннинг. / SPINNING,SSMBX27H
Спиннинг. / SPINNING,SSMBX27L
Спиннинг. / SPINNING,SSMBX27M
Спиннинг. / SPINNING,SSMBX27MH
Спиннинг. / SPINNING,SSMBX27ML
Спиннинг. / SPINNING,SSMBX27XH
Спиннинг. / SPINNING,SSMBX30H
Спиннинг. / SPINNING,SSMBX30M
Спиннинг. / SPINNING,SSMBX30MH
Спиннинг. / SPINNING,SSMBX33H
Спиннинг. / SPINNING,SSMBX33XH
Спиннинг. / SPINNING,SSMBX36XH
Спиннинг. / SPINNING,SSMBX30ML
Спиннинг. / SPINNING,SSMBX30XH
Спиннинг. / SPINNING,SSMBX33MH
Спиннинг. / SPINNING,SSMAX27PGH
Спиннинг. / SPINNING,SSMAX27PGXH
Спиннинг. / SPINNING,SSMAX30PGH
Спиннинг. / SPINNING,SSMAX30PGXH
Спиннинг. / SPINNING,STECDFCX18L
Спиннинг. / SPINNING,STECDFCX21M
Спиннинг. / SPINNING,STECDFCX21ML
Спиннинг. / SPINNING,STECDFCX21UL
Спиннинг. / SPINNING,STECDFCX24H
Спиннинг. / SPINNING,STECDFCX24L
Спиннинг. / SPINNING,STECDFCX24M
Спиннинг. / SPINNING,STECDFCX24MH
Спиннинг. / SPINNING,STECDFCX24ML
Спиннинг. / SPINNING,STECDFCX24UL
Спиннинг. / SPINNING,STECDFCX27H
Спиннинг. / SPINNING,STECDFCX27L
Спиннинг. / SPINNING,STECDFCX27M
Спиннинг. / SPINNING,STECDFCX27MH
Спиннинг. / SPINNING,STECDFCX27ML
Спиннинг. / SPINNING,STECDFCX27XH
Спиннинг. / SPINNING,STECDFCX30H
Спиннинг. / SPINNING,STECDFCX30M
Спиннинг. / SPINNING,STECDFCX30MH
Спиннинг. / SPINNING,STECDFCX30XH
Спиннинг. / SPINNING,STECDFCX33XH
Спиннинг. / SPINNING,STECDFCX36XH
Спиннинг. / SPINNING,SVAXM30H
Спиннинг. / SPINNING,SVAXM30XH
Спиннинг. / SPINNING,SVAX21SBH
Спиннинг. / SPINNING,SVAX21SBM
Спиннинг. / SPINNING,SVAX21SBMH
Спиннинг. / SPINNING,SVAX24SBH
Спиннинг. / SPINNING,SVAX24SBMH
Спиннинг. / SPINNING,SVAX27SHXH
Спиннинг. / SPINNING,SVAX30SHH
Спиннинг. / SPINNING,SVAX30SHMH
Спиннинг. / SPINNING,SVAX30SHXH
Спиннинг. / SPINNING,SVAX33SHXH
Спиннинг. / SPINNING,SVAX36SHXH
Спиннинг. / SPINNING,SVAX18L
Спиннинг. / SPINNING,SVAX21M
Спиннинг. / SPINNING,SVAX21MH
Спиннинг. / SPINNING,SVAX21ML
Спиннинг. / SPINNING,SVAX21SHH
Спиннинг. / SPINNING,SVAX21SHMH
Спиннинг. / SPINNING,SVAX24H
Спиннинг. / SPINNING,SVAX24M
Спиннинг. / SPINNING,SVAX24MH
Спиннинг. / SPINNING,SVAX24ML
Спиннинг. / SPINNING,SVAX24SHH
Спиннинг. / SPINNING,SVAX24SHMH
Спиннинг. / SPINNING,SVAX27H
Спиннинг. / SPINNING,SVAX27M
Спиннинг. / SPINNING,SVAX27MH
Спиннинг. / SPINNING,SVAX27ML
Спиннинг. / SPINNING,SVAX27XH
Спиннинг. / SPINNING,SVAX27SHH
Спиннинг. / SPINNING,SVAX27SHMH
Спиннинг. / SPINNING,SVAX30H
Спиннинг. / SPINNING,SVAX33H
Спиннинг. / SPINNING,SVAX33XH
Спиннинг. / SPINNING,SVAXTE210M
Спиннинг. / SPINNING,SVAXTE240M
Спиннинг. / SPINNING,SVAXTE270M
Спиннинг. / SPINNING,SVAXTE300M
Спиннинг. / SPINNING,SVAXTE330MH
Спиннинг. / SPINNING,SVP300H
Спиннинг. / SPINNING,SVP300MH
Спиннинг. / SPINNING,SVSP24L
Спиннинг. / SPINNING,SVSP24ML
Спиннинг. / SPINNING,SVSP27L
Спиннинг. / SPINNING,SVSP27ML
Спиннинг. / SPINNING,SVSP30L
Спиннинг. / SPINNING,SVSP30ML
Спиннинг. / SPINNING,SVSE210M
Спиннинг. / SPINNING,SVSE240M
Спиннинг. / SPINNING,SVSE240ML
Спиннинг. / Ultralight,SALCX21LS
Спиннинг. / Ultralight,SALCX24MLS
Спиннинг. / Ultralight,SALCX27MLS
Спиннинг. / Ultralight,SALCX30MLS
Спиннинг. / Ultralight,SCATCX24MS
Спиннинг. / Ultralight,SCATCX24MHS
Спиннинг. / Ultralight,SCATCX24MLS
Спиннинг. / Ultralight,SCATCX27MS
Спиннинг. / Ultralight,SCATCX27MHS
Спиннинг. / Ultralight,SCATCX27MLS
Спиннинг. / Ultralight,SDFL228LS
Спиннинг. / Ultralight,SDFL237LS
Спиннинг. / Ultralight,SDFL220ULS
Спиннинг. / Ultralight,SDFL228ULS
Спиннинг. / Ultralight,SDFL237ULS
Телескоп. / Action 2,CATDXTE250
Телескоп. / Action 2,CATDXTE260
Телескоп. / Action 2,CATDXTE270
Телескоп. / Action 2,CATDXTE280
Телескоп. / Action 2,EXTE250
Телескоп. / Action 2,EXTE260
Телескоп. / Action 2,EXTE270
Телескоп. / Action 2,EXTE280
Телескоп. / Action 2,EXTE290
Телескоп. / Action 2,FBTE250
Телескоп. / Action 2,FBTE260
Телескоп. / Action 5,FBTE560
Телескоп. / Action 2,SULTTE250
Телескоп. / Action 2,SULTTE260
Телескоп. / Action 2,SULTTE270
Телескоп. / Action 2,SULTTE280
Телескоп. / Action 2,SULTTE290
Телескоп. / Action 2,TECDXTE250
Телескоп. / Action 2,TECDXTE260
Телескоп. / Action 2,TECDXTE270
Телескоп. / Action 2,TECDXTE280
Телескоп. / Action 2,VAXTE250
Телескоп. / Action 2,VAXTE260
Телескоп. / Action 2,VAXTE270
Телескоп. / Action 4,ANTAXTEGT450
Телескоп. / Action 4,ANTAXTEGT460
Телескоп. / Action 4,ANTAXTEGT470
Телескоп. / Action 4,ANTAXTEGT480
Телескоп. / Action 4,ASUTE450
Телескоп. / Action 4,ASUTE460
Телескоп. / Action 4,ASUTE470
Телескоп. / Action 4,ASUTE560
Телескоп. / Action 4,ASUTEGT460
Телескоп. / Action 4,ASUTEGT450
Телескоп. / Action 4,ASUTEGT470
Телескоп. / Action 4,CATAXTE440
Телескоп. / Action 4,CATAXTE450
Телескоп. / Action 4,CATAXTE460
Телескоп. / Action 4,CATAXTE470
Телескоп. / Action 4,CATAXTE480
Телескоп. / Action 4,CATAXTEGT440
Телескоп. / Action 4,CATAXTEGT450
Телескоп. / Action 4,CATAXTEGT460
Телескоп. / Action 4,CATAXTEGT470
Телескоп. / Action 4,CATAXTEGT480
Телескоп. / Action 4,EXTE460
Телескоп. / Action 4,EXTE470
Телескоп. / Action 4,EXTEGT450
Телескоп. / Action 4,EXTEGT460
Телескоп. / Action 4,EXTEGT470
Телескоп. / Action 4,SULTTE450
Телескоп. / Action 4,SULTTE460
Телескоп. / Action 4,SULTTE470
Телескоп. / Action 4,SULTTEGT450
Телескоп. / Action 4,SULTTEGT460
Телескоп. / Action 4,SULTTEGT470
Телескоп. / Action 4,SULTTEGT480
Телескоп. / Action 4,TECAXTE450
Телескоп. / Action 4,TECAXTE460
Телескоп. / Action 4,TECAXTE470
Телескоп. / Action 4,TECAXTE480
Телескоп. / Action 4,TECAXTEGT450
Телескоп. / Action 4,TECAXTEGT460
Телескоп. / Action 4,TECAXTEGT470
Телескоп. / Action 4,TECAXTEGT480
Телескоп. / Action 4,VTE440
Телескоп. / Action 4,VTE450
Телескоп. / Action 4,VTE460
Телескоп. / Action 4,VTEGT440
Телескоп. / Action 4,VTEGT450
Телескоп. / Action 4,VTEGT460
Телескоп. / Action 5,ALCXTE540
Телескоп. / Action 5,ALCXTE550
Телескоп. / Action 5,ALCXTE560
Телескоп. / Action 5,ALCXTEGT540
Телескоп. / Action 5,ALCXTEGT550
Телескоп. / Action 5,ALCXTEGT560
Телескоп. / Action 5,ASUTE550
Телескоп. / Action 5,ASUTEGT550
Телескоп. / Action 5,ASUTEGT560
Телескоп. / Action 5,ASUTEGT570
Телескоп. / Action 5,ASUTEGT580
Телескоп. / Action 5,CATEXTE550
Телескоп. / Action 5,CATEXTE560
Телескоп. / Action 5,CATEXTE570
Телескоп. / Action 5,CATEXTE580
Телескоп. / Action 5,CATEXTEGT550
Телескоп. / Action 5,CATEXTEGT560
Телескоп. / Action 5,CATEXTEGT570
Телескоп. / Action 5,CATEXTEGT580
Телескоп. / Action 5,FBTE550
Телескоп. / Action 5,FBTE570
Телескоп. / Action 5,FBTE580
Телескоп. / Action 5,FBTEGT550
Телескоп. / Action 5,FBTEGT560
Телескоп. / Action 5,FBTEGT570
Телескоп. / Action 5,FBTEGT580
Телескоп. / Action 5,NEXCXTE550
Телескоп. / Action 5,NEXCXTE560
Телескоп. / Action 5,NEXCXTE570
Телескоп. / Action 5,NEXCXTEGT550
Телескоп. / Action 5,NEXCXTEGT560
Телескоп. / Action 5,NEXCXTEGT570
Телескоп. / Action 5,SULTTE550
Телескоп. / Action 5,SULTTE560
Телескоп. / Action 5,SULTTE570
Телескоп. / Action 5,SULTTE580
Телескоп. / Action 5,SULTTE590
Телескоп. / Action 5,SULTTEGT550
Телескоп. / Action 5,SULTTEGT560
Телескоп. / Action 5,SULTTEGT570
Телескоп. / Action 5,SULTTEGT580
Телескоп. / Action 5,SULTTEGT590
Телескоп. / Action 5,TECEXTE550
Телескоп. / Action 5,TECEXTE560
Телескоп. / Action 5,TECEXTE570
Телескоп. / Action 5,TECEXTE580
Телескоп. / Action 5,TECEXTE590
Телескоп. / Action 5,TECEXTEGT550
Телескоп. / Action 5,TECEXTEGT560
Телескоп. / Action 5,TECEXTEGT570
Телескоп. / Action 5,TECEXTEGT580
Телескоп. / Action 5,TECEXTEGT590
Телескоп. / Action 5,VAXTE540
Телескоп. / Action 5,VAXTE550
Телескоп. / Action 5,VAXTE560
Телескоп. / Action 5,VAXTE570
Телескоп. / Action 5,VAXTEGT540
Телескоп. / Action 5,VAXTEGT550
Телескоп. / Action 5,VAXTEGT560
Телескоп. / Action 5,VAXTEGT570
Телескоп. / Action 6,NEXTE650
Телескоп. / Action 6,NEXTE660
Телескоп. / Action 6,NEXTE670
Телескоп. / Action 6,NEXTEGT650
Телескоп. / Action 6,NEXTEGT660
Телескоп. / Action 6,NEXTEGT670
Телескоп. / Action 6,SULTTE650
Телескоп. / Action 6,SULTTE660
Телескоп. / Action 6,SULTTE670
Телескоп. / Action 6,SULTTE680
Телескоп. / Action 6,SULTTEGT650
Телескоп. / Action 6,SULTTEGT660
Телескоп. / Action 6,SULTTEGT670
Телескоп. / Action 6,TECTE650
Телескоп. / Action 6,TECTE660
Телескоп. / Action 6,TECTE670
Телескоп. / Action 6,TECTE680
Телескоп. / Action 6,TECTEGT650
Телескоп. / Action 6,TECTEGT660
Телескоп. / Action 6,TECTEGT670
Телескоп. / Glass Fibre,JTE1030GT
Телескоп. / Glass Fibre,JTE1040GT
Телескоп. / Glass Fibre,JTE1050GT
Телескоп. / Glass Fibre,JTE1030
Телескоп. / Glass Fibre,JTE1040
Телескоп. / Glass Fibre,JTE1050
Телескоп. / Glass Fibre,JTE1060
Телескоп. / Glass Fibre,JTE1070
Телескоп. / Glass Fibre,JTE1080
Телескоп. / С клеен.кольцами,VSLTE27H
Телескоп. / С клеен.кольцами,VSLTE27M
Телескоп. / С клеен.кольцами,VSLTE27XH
Телескоп. / С клеен.кольцами,VSLTE30H
Телескоп. / С клеен.кольцами,VSLTE30M
Телескоп. / С клеен.кольцами,VSLTE30XH
Телескоп. / С клеен.кольцами,VSLTE33H
Телескоп. / С клеен.кольцами,VSLTE33M
Телескоп. / С клеен.кольцами,VSLTE33XH
Телескоп. / С клеен.кольцами,VSLTE36H
Телескоп. / С клеен.кольцами,VSLTE36M
Телескоп. / С клеен.кольцами,VSLTE36XH
Телескоп. / Силовые,CATAX7GT35XXH
Телескоп. / Силовые,CATAX7GT40XXH
Телескоп. / Силовые,CATAX7GT45XXH
Телескоп. / Силовые,CATAX7GT50XXH
Телескоп. / Силовые,NEXBX11G45XXH
Телескоп. / Силовые,NEXBX11G53XXH
Телескоп. / Силовые,NEXCXTE750
Телескоп. / Силовые,NEXCXTE760
Телескоп. / Силовые,NEXCXTE770
Телескоп. / Силовые,NEXCXTEGT750
Телескоп. / Силовые,NEXCXTEGT760
Телескоп. / Силовые,NEXCXTEGT770
Телескоп. / Силовые,NEXAXTE7GT360XH
Телескоп. / Силовые,NEXAXTE7GT400XH
Телескоп. / Силовые,NEXAXTE7GT450H
Телескоп. / Силовые,NEXAXTE7GT450XH
Телескоп. / Силовые,NEXAXTE7GT480H
Телескоп. / Силовые,NEXAXTE7GT480XH
Телескоп. / Силовые,SMTE7500
Телескоп. / Силовые,SMTE7600
Телескоп. / Силовые,SMTE7700
Телескоп. / Силовые,SMTEGT7500
Телескоп. / Силовые,SMTEGT7600
Телескоп. / Силовые,SMTEGT7700
Фидерные,STIPAX050SGSD
Фидерные,STIPAX075SGSD
Фидерные,STIPAX100SGSD
Фидерные,STIPAX150SGSD
Фидерные,STIPAX200NGSD
Фидерные,STIPAX200SGSD
Фидерные,STIPAX300NGSD
Фидерные,STIPAX400NGSD
Фидерные,STIPAX500NGSD
Фидерные,STIPAX600LGLD
Фидерные,STIPAXH300NGLD
Фидерные,STIPAXH400NGLD
Фидерные,STIPAX100SGLD
Фидерные,STIPAX150SGLD
Фидерные,STIPAX200SGLD
Фидерные,STIPAX300SGLD
Фидерные,STIPAX300SGSD
Фидерные,STIPAX400SGLD
Фидерные,VPEVTIP2
Фидерные,VPEVTIP3
Фидерные,VPEVTIP4
Фидерные,SWPTIP050SGSD
Фидерные,SWPTIP100SGSD
Фидерные,SWPTIP150SGSD
Фидерные,ALBXMFDRMTH
Фидерные,ALCXHFDR
Фидерные,ALCXLFDR
Фидерные,ALCXMFDR
Фидерные,ALCXXHFDR
Фидерные,ASU1011MFDR
Фидерные,ASU1112MFDR
Фидерные,ASU1213MFDR
Фидерные,BMCXCXHFDR
Фидерные,BMCXXHFDR
Фидерные,BMCX911MLFDR
Фидерные,BMCXHEFDR
Фидерные,BMCXLFDR
Фидерные,BMCXMFDR
Фидерные,BMCXMXHXLFDR
Фидерные,BMCXMHFDR
Фидерные,BMCXMMFDR
Фидерные,BMCXXHLFDR
Фидерные,CATCXXHFDR
Фидерные,CATCXXHLFDR
Фидерные,CATCX911MLFDR
Фидерные,CATCXHFDR
Фидерные,CATCXLFDR
Фидерные,CATCXMFDR
Фидерные,CATCXMHFDR
Фидерные,CATCXMMFDR
Фидерные,CATCXMXHXLFDR
Фидерные,FBLH
Фидерные,FBLL
Фидерные,FBLM
Фидерные,FBLMH
Фидерные,FBLMM
Фидерные,FBLXH
Фидерные,FBLXHL
Фидерные,FM10CMFDR
Фидерные,FM11CFDR
Фидерные,JFDR30
Фидерные,JFDR33
Фидерные,JFDR36
Фидерные,NEXCXWP240
Фидерные,NEXCXWP270
Фидерные,SMAXHFDR
Фидерные,SMAXHLFDR
Фидерные,SMAXLFDR
Фидерные,SMAXMFDR
Фидерные,SMAXMMFDR
Фидерные,SMAXMHFDR
Фидерные,SULT1011MFDR
Фидерные,SULT106MQ
Фидерные,SULTMMMFDR
Фидерные,SULTMHMFDR
Фидерные,SULTHMFDR
Фидерные,SULTLMFDR
Фидерные,SULTMMFDR
Фидерные,SULTMWP2427
Фидерные,VHFDR
Фидерные,VHFDRCN
Фидерные,VLFDR
Фидерные,VMFDR
Фидерные,VMFDRMTH
Фидерные,VEVPFDR
Фидерные,VTEFDRH
Фидерные,VTEFDRM
Фидерные,VWP27
Форелевые,CATDXTRGT539
Форелевые,CATDXTRGT642
Форелевые,CATDXTRGT742
Форелевые,CATDXTRGT842
Форелевые,CATDXTRGT945
Форелевые,CATDXTRGT038
Форелевые,CATDXTRGT138
Форелевые,CATDXTRGT238
Форелевые,CATDXTRGT338
Форелевые,CATDXTRGT438
Форелевые,NEXCXTRGT139
Форелевые,NEXCXTRGT239
Форелевые,NEXCXTRGT339
Форелевые,NEXCXTRGT441
Форелевые,NEXCXTRGT5H45
Форелевые,NEXCXTRGT542
Форелевые,NEXCXTRGT644
Форелевые,NEXCXTRGT7H45
Форелевые,NEXCXTRGT744
Форелевые,NEXCXTRGT846
Форелевые,NEXCXTRGT947
Форелевые,VTRGT338
Форелевые,VTRGT440
Форелевые,VTRGT542
Форелевые,VTRGT644
Форелевые,VTRGT744
Форелевые,VTRGT845
Японские модели,5COKS1636
Японские модели,5COKS1635
Японские модели,5COKS2604
Японские модели,5COKS2603
Японские модели,5COKS2634
Японские модели,5COKS2635
Японские модели,5COKS2664
Японские модели,5COKS2665
Японские модели,5COLA1602
Японские модели,5COLB1604
Японские модели,5COLA1601
Японские модели,5COLB1664
Японские модели,5COLB1665
Японские модели,5COLC1702
Японские модели,5COLC1762
Японские модели,5COLC1804
Японские модели,5COLC1865
Японские модели,5COLC1905
Японские модели,5COJG3862
Японские модели,5COJG3903
Японские модели,5COJG3963
